depth,difficulty,avg_time_with_pruning,avg_time_without_pruning,avg_speedup
2,Easy,0.016362667083740234,0.024623378117879232,1.604363393455561
4,Medium,0.2618495146433512,0.9790144125620525,4.891003652430919
5,Hard,1.002844254175822,6.326773913701375,7.172714023897316
